Network size	Joining time (ms)
1	687
2	687
3	678
4	616
5	920
6	573
7	517
8	652
9	654
10	580
11	363
12	1100
13	686
14	930
15	1475
16	900
17	719
18	625
19	934
20	555
21	1631
22	774
23	670
24	1477
25	1635
26	668
27	1181
28	1449
29	2770
30	1164
31	950
32	502
33	1385
34	1016
35	2045
36	976
37	1495
38	908
39	1457
40	716
41	1108
42	824
43	852
44	1152
45	1146
46	867
47	1060
48	992
49	1315
50	784
51	737
52	750
53	1064
54	769
55	1112
56	2019
57	771
58	572
59	1538
60	1073
61	2738
62	1136
63	1220
64	605
65	2618
66	1379
67	921
68	1139
69	1410
70	1348
71	1087
72	1179
73	1114
74	1135
75	2416
76	1834
77	2160
78	1824
79	1669
80	1157
81	1157
82	944
83	1299
84	1015
85	1550
86	1431
87	895
88	1023
89	1454
90	1187
91	839
92	1862
93	1236
94	1546
95	1886
96	988
97	2116
98	1110
99	1777
100	1069
101	1694
102	832
103	1756
104	2273
105	1606
106	482
107	1721
108	819
109	1182
110	1611
111	1362
112	1508
113	1386
114	2023
115	1245
116	2130
117	2053
118	1761
119	1478
120	1824
121	1409
122	1070
123	1099
124	1107
125	321
126	1266
127	1333
128	1326
129	888
130	1288
131	1132
132	999
133	1249
134	1218
135	1713
136	1259
137	1287
138	2977
139	903
140	2230
141	1914
142	1640
143	812
144	1675
145	1451
146	1380
147	1131
148	1138
149	1768
150	1047
151	779
152	1526
153	1164
154	1412
155	1162
156	1494
157	1324
158	1260
159	1622
160	1350
161	1755
162	1625
163	1340
164	1518
165	2070
166	1649
167	1395
168	1237
169	1519
170	1281
171	738
172	1609
173	1182
174	1001
175	1097
176	1662
177	1540
178	1802
179	1472
180	1053
181	1786
182	1577
183	1334
184	1208
185	1987
186	1311
187	1409
188	1410
189	1610
190	2582
191	1884
192	1403
193	758
194	1042
195	788
196	1957
197	1442
198	1694
199	1362
200	1678
201	1843
202	1855
203	2133
204	1050
205	1697
206	1507
207	1437
208	1220
209	1453
210	2818
211	1517
212	2246
213	1538
214	1645
215	1811
216	1404
217	1029
218	1353
219	1723
220	2004
221	1485
222	1836
223	1047
224	1262
225	922
226	1714
227	1736
228	1423
229	345
230	1688
231	2779
232	1239
233	1961
234	1080
235	879
236	1229
237	1300
238	1698
239	952
240	1498
241	1973
242	1865
243	1372
244	1362
245	982
246	1181
247	1241
248	444
249	794
250	1224
251	2764
252	1799
253	1480
254	2478
255	2179
256	2340
257	1180
258	1191
259	1164
260	902
261	2047
262	1870
263	1498
264	1162
265	1190
266	1463
267	2282
268	1442
269	980
270	1160
271	661
272	904
273	1136
274	981
275	1938
276	1180
277	1206
278	1448
279	1355
280	1383
281	1969
282	840
283	1279
284	1253
285	1548
286	747
287	1340
288	1541
289	1552
290	1525
291	1023
292	1045
293	1323
294	1265
295	1109
296	1010
297	848
298	1521
299	1503
300	384
301	1627
302	1105
303	2095
304	1052
305	885
306	1587
307	1050
308	1660
309	2750
310	856
311	2104
312	1131
313	1971
314	534
315	1423
316	1149
317	1224
318	1121
319	1365
320	835
321	1029
322	2474
323	1302
324	664
325	943
326	1663
327	1482
328	2988
329	1038
330	2133
331	1472
332	1954
333	1169
334	2092
335	849
336	2070
337	2379
338	2230
339	2052
340	1384
341	1753
342	1280
343	2194
344	1718
345	1251
346	1097
347	1046
348	1696
349	644
350	1471
351	1901
352	1104
353	1785
354	1173
355	1832
356	2031
357	1325
358	1976
359	2764
360	1435
361	1370
362	1571
363	1548
364	1863
365	1929
366	1636
367	1641
368	2695
369	1827
370	1434
371	952
372	1155
373	1235
374	1581
375	801
376	1466
377	1542
378	1464
379	1913
380	1742
381	1273
382	1166
383	1477
384	2275
385	2129
386	1246
387	1629
388	1468
389	1130
390	1515
391	1723
392	1242
393	1993
394	975
395	1498
396	1355
397	1678
398	1067
399	1860
400	1039
401	1054
402	1625
403	2214
404	1655
405	1159
406	1369
407	1234
408	1403
409	1334
410	2042
411	1842
412	869
413	1982
414	1629
415	1890
416	1728
417	1028
418	1932
419	397
420	676
421	1643
422	1653
423	1313
424	1254
425	1623
426	2275
427	1566
428	1521
429	627
430	1044
431	1232
432	1781
433	870
434	1127
435	687
436	1399
437	1700
438	653
439	1446
440	1309
441	2144
442	1188
443	1083
444	1207
445	1624
446	1059
447	853
448	758
449	1476
450	1962
451	1489
452	1087
453	1251
454	1597
455	1894
456	1147
457	1790
458	1250
459	1727
460	1442
461	2072
462	1828
463	1070
464	1315
465	811
466	1915
467	1599
468	1169
469	1512
470	1384
471	1179
472	2348
473	1552
474	1402
475	1079
476	1510
477	1712
478	1081
479	1732
480	1487
481	2056
482	1932
483	1558
484	1649
485	2084
486	531
487	1615
488	1706
489	1430
490	1937
491	1348
492	1398
493	1616
494	1401
495	1690
496	1822
497	2243
498	1269
499	1005
500	1815
501	2675
502	1031
503	1800
504	1018
505	1230
506	2105
507	2040
508	2422
509	1556
510	1737
511	888
512	1508
513	1538
514	1788
515	1622
516	1297
517	1115
518	1753
519	1142
520	662
521	993
522	1232
523	2054
524	1319
525	1154
526	1333
527	1559
528	1533
529	1157
530	1338
531	1222
532	1289
533	1111
534	1662
535	1520
536	1545
537	1217
538	1676
539	1336
540	1044
541	1711
542	1364
543	1159
544	2057
545	1157
546	988
547	1265
548	2470
549	1530
550	1293
551	1642
552	1111
553	1405
554	1769
555	1501
556	1561
557	1735
558	1350
559	1930
560	1810
561	2381
562	1684
563	1783
564	1393
565	1833
566	1565
567	1436
568	1112
569	1726
570	1225
571	2648
572	2079
573	1543
574	2101
575	1627
576	1067
577	2035
578	1348
579	1274
580	1495
581	1568
582	1733
583	2155
584	2108
585	1402
586	954
587	1485
588	1065
589	1192
590	1338
591	388
592	1687
593	1316
594	1779
595	1349
596	1083
597	1720
598	2211
599	1312
600	2136
601	831
602	1566
603	855
604	1439
605	1829
606	1260
607	1153
608	1619
609	953
610	1406
611	1801
612	1283
613	1431
614	1647
615	1811
616	1449
617	1975
618	1937
619	1598
620	1636
621	1119
622	2689
623	1985
624	1912
625	822
626	1086
627	1682
628	1630
629	867
630	1319
631	1628
632	2022
633	2122
634	1625
635	1974
636	1045
637	1338
638	1329
639	1295
640	1591
641	1482
642	1186
643	1350
644	1586
645	1876
646	731
647	2513
648	1485
649	1464
650	2666
651	1331
652	1562
653	1551
654	1180
655	1192
656	1691
657	1445
658	1784
659	2028
660	1684
661	1391
662	1717
663	1903
664	2224
665	1819
666	1639
667	1657
668	1279
669	2090
670	1725
671	1053
672	2313
673	1208
674	1435
675	2356
676	1391
677	1133
678	2245
679	2739
680	1674
681	1439
682	1335
683	1439
684	1654
685	1099
686	1876
687	1465
688	1836
689	1015
690	2016
691	1099
692	1240
693	1355
694	1695
695	1870
696	1638
697	1996
698	1300
699	1638
700	701
701	1422
702	2440
703	1638
704	1759
705	1465
706	1883
707	1750
708	1481
709	1103
710	924
711	1237
712	1321
713	893
714	885
715	1352
716	2087
717	793
718	848
719	1298
720	1384
721	1797
722	1329
723	1373
724	2419
725	1873
726	932
727	1598
728	1705
729	2129
730	2472
731	1235
732	1200
733	1319
734	1156
735	1218
736	2248
737	2821
738	1307
739	1615
740	1355
741	1505
742	1320
743	1762
744	795
745	1156
746	1815
747	1795
748	2186
749	1429
750	1705
751	1585
752	1692
753	2288
754	1593
755	1075
756	1799
757	1276
758	1526
759	1421
760	861
761	1212
762	2326
763	1316
764	1388
765	1782
766	2076
767	1228
768	930
769	1607
770	1651
771	1691
772	1879
773	1047
774	1274
775	1497
776	976
777	2051
778	2132
779	1366
780	1513
781	2242
782	2490
783	2003
784	1882
785	1637
786	1495
787	2141
788	1366
789	2186
790	1815
791	1891
792	1434
793	1574
794	1202
795	895
796	1129
797	1132
798	1403
799	1954
800	1148
801	1719
802	1251
803	2432
804	1889
805	1533
806	2432
807	1038
808	1484
809	1862
810	1157
811	2819
812	2669
813	1282
814	962
815	1768
816	1352
817	1573
818	1681
819	1856
820	1159
821	2804
822	1943
823	1280
824	2143
825	1625
826	1626
827	1494
828	1402
829	1585
830	2972
831	1141
832	2274
833	1878
834	1637
835	1882
836	1736
837	1234
838	1862
839	1467
840	1329
841	1952
842	1618
843	1319
844	1601
845	2372
846	1087
847	1329
848	1312
849	928
850	926
851	1335
852	1563
853	1481
854	2044
855	1836
856	1563
857	1763
858	2701
859	1045
860	1326
861	1547
862	1088
863	2040
864	2039
865	1739
866	1148
867	1356
868	1622
869	1758
870	951
871	1974
872	2099
873	1289
874	1254
875	2540
876	1431
877	1525
878	1265
879	1495
880	1487
881	2412
882	1711
883	1686
884	1973
885	1353
886	1636
887	1125
888	994
889	1319
890	1637
891	1517
892	1829
893	3047
894	1927
895	1801
896	1523
897	1170
898	1697
899	1755
900	1228
901	1063
902	1174
903	1825
904	1419
905	712
906	1502
907	2221
908	1509
909	1456
910	1446
911	1628
912	1578
913	1595
914	1065
915	1424
916	2387
917	1349
918	780
919	1726
920	1636
921	1386
922	1088
923	1268
924	2585
925	1823
926	1175
927	1656
928	1316
929	2340
930	1324
931	1910
932	2569
933	2390
934	2249
935	1574
936	1430
937	1693
938	1469
939	2017
940	1399
941	1519
942	1402
943	1041
944	2052
945	2649
946	1365
947	1355
948	2313
949	1551
950	1186
951	1169
952	1011
953	1555
954	1396
955	2143
956	1332
957	1977
958	1464
959	1559
960	2456
961	1693
962	1960
963	1814
964	1077
965	1948
966	775
967	2045
968	1502
969	1914
970	1805
971	1979
972	1733
973	1319
974	1328
975	1172
976	958
977	1143
978	1922
979	1433
980	1468
981	1517
982	2508
983	2144
984	893
985	2327
986	1295
987	1374
988	1971
989	1209
990	1277
991	1115
992	1747
993	1607
994	2172
995	1315
996	1616
997	1606
998	1217
999	1704
1000	1055
1001	962
1002	1443
1003	1610
1004	1732
1005	1205
1006	1419
1007	2089
1008	1307
1009	1379
1010	2305
1011	2038
1012	1251
1013	2196
1014	1492
1015	2155
1016	1572
1017	835
1018	2046
1019	1298
1020	1811
1021	1241
1022	610
1023	1748
1024	1531
1025	1517
1026	1256
1027	1473
1028	975
1029	1062
1030	1205
1031	1119
1032	1155
1033	1331
1034	1646
1035	993
1036	1358
1037	1849
1038	1592
1039	1658
1040	1201
1041	2103
1042	1547
1043	2025
1044	2212
1045	1244
1046	1639
1047	1633
1048	1228
1049	2105
1050	1067
1051	1076
1052	1500
1053	1930
1054	1815
1055	1691
1056	1531
1057	1050
1058	1861
1059	953
1060	1638
1061	1042
1062	1733
1063	1790
1064	1308
1065	788
1066	1099
1067	1303
1068	1521
1069	1393
1070	1072
1071	928
1072	1284
1073	1761
1074	1162
1075	822
1076	1594
1077	1348
1078	1304
1079	2066
1080	1341
1081	1804
1082	1431
1083	1720
1084	1333
1085	2335
1086	1003
1087	1357
1088	2531
1089	2012
1090	1145
1091	1222
1092	1586
1093	1344
1094	1220
1095	1188
1096	1887
1097	1115
1098	1896
1099	1615
1100	2466
1101	2607
1102	1726
1103	2003
1104	1474
1105	987
1106	1503
1107	1390
1108	883
1109	997
1110	886
1111	2567
1112	888
1113	1483
1114	1426
1115	1381
1116	1210
1117	1042
1118	1433
1119	1438
1120	1494
1121	1814
1122	1814
1123	1101
1124	1720
1125	1299
1126	1251
1127	1372
1128	1102
1129	1875
1130	1332
1131	1605
1132	1626
1133	1654
1134	1886
1135	2169
1136	1352
1137	1638
1138	1585
1139	1881
1140	2105
1141	845
1142	2021
1143	1574
1144	1087
1145	2091
1146	1701
1147	843
1148	1689
1149	1427
1150	1601
1151	1268
1152	1878
1153	1412
1154	1667
1155	828
1156	1626
1157	1995
1158	1996
1159	1823
1160	1850
1161	1572
1162	1641
1163	1580
1164	1615
1165	1876
1166	957
1167	1351
1168	1940
1169	1425
1170	1875
1171	1226
1172	1527
1173	1834
1174	1363
1175	1267
1176	1204
1177	1316
1178	1783
1179	951
1180	1280
1181	954
1182	1838
1183	1608
1184	989
1185	1865
1186	1034
1187	2041
1188	1577
1189	1617
1190	1703
1191	1363
1192	2055
1193	2598
1194	1427
1195	1411
1196	1097
1197	1476
1198	1375
1199	1542
1200	850
1201	1819
1202	1066
1203	966
1204	1293
1205	1174
1206	1569
1207	1611
1208	1422
1209	1695
1210	835
1211	1082
1212	1542
1213	1137
1214	933
1215	1833
1216	845
1217	1558
1218	2153
1219	1836
1220	1368
1221	970
1222	1901
1223	1153
1224	1251
1225	2160
1226	1201
1227	1252
1228	1601
1229	1735
1230	2624
1231	1412
1232	1567
1233	1653
1234	1963
1235	1353
1236	2461
1237	1059
1238	1069
1239	2088
1240	2076
1241	1321
1242	1871
1243	1771
1244	1149
1245	1346
1246	1563
1247	1080
1248	1305
1249	1663
1250	1635
1251	1991
1252	1096
1253	1675
1254	1066
1255	1196
1256	1914
1257	1240
1258	1814
1259	1755
1260	1469
1261	757
1262	1084
1263	1451
1264	1780
1265	1481
1266	1574
1267	1649
1268	1046
1269	1463
1270	1485
1271	950
1272	1443
1273	2424
1274	1695
1275	2516
1276	2082
1277	1609
1278	1410
1279	965
1280	1730
1281	804
1282	1459
1283	1235
1284	1259
1285	2016
1286	1617
1287	2391
1288	1832
1289	1309
1290	2188
1291	1998
1292	1962
1293	1354
1294	1095
1295	1628
1296	1134
1297	1539
1298	1682
1299	2898
1300	1959
1301	2651
1302	1708
1303	1770
1304	2272
1305	1764
1306	1792
1307	1595
1308	2041
1309	2008
1310	1552
1311	1514
1312	2011
1313	1235
1314	1130
1315	1109
1316	1574
1317	1906
1318	1110
1319	1428
1320	1461
1321	1760
1322	784
1323	1955
1324	1297
1325	1343
1326	2182
1327	2014
1328	1329
1329	1834
1330	2385
1331	2319
1332	1418
1333	2333
1334	1981
1335	1290
1336	1488
1337	2048
1338	1382
1339	1114
1340	1185
1341	1427
1342	1514
1343	1193
1344	2022
1345	1354
1346	1966
1347	1353
1348	1775
1349	2291
1350	1613
1351	1113
1352	1559
1353	1460
1354	1704
1355	836
1356	1931
1357	851
1358	1605
1359	1675
1360	1298
1361	1670
1362	1425
1363	1212
1364	2149
1365	1779
1366	1833
1367	1833
1368	1050
1369	1835
1370	2753
1371	3066
1372	1233
1373	1613
1374	1433
1375	1415
1376	1307
1377	1953
1378	1764
1379	1474
1380	1065
1381	1429
1382	1368
1383	1290
1384	1416
1385	1300
1386	1339
1387	1719
1388	2467
1389	1490
1390	1603
1391	1035
1392	1486
1393	2119
1394	1648
1395	920
1396	1442
1397	2005
1398	1510
1399	1085
1400	2002
1401	1445
1402	1194
1403	2294
1404	892
1405	1834
1406	1702
1407	1944
1408	1902
1409	1870
1410	1349
1411	1544
1412	1534
1413	2085
1414	1524
1415	1249
1416	1304
1417	1358
1418	1164
1419	1805
1420	1656
1421	1964
1422	1843
1423	1998
1424	798
1425	1451
1426	2308
1427	1562
1428	1353
1429	1233
1430	1215
1431	1362
1432	1525
1433	1081
1434	1929
1435	2034
1436	1423
1437	1582
1438	1512
1439	1695
1440	1857
1441	1850
1442	1504
1443	2274
1444	1397
1445	2392
1446	1209
1447	2604
1448	1801
1449	1133
1450	1512
1451	1056
1452	1906
1453	1479
1454	1952
1455	1574
1456	1187
1457	1827
1458	1610
1459	687
1460	1551
1461	592
1462	1429
1463	1112
1464	1626
1465	1779
1466	619
1467	2110
1468	1509
1469	1327
1470	2385
1471	1601
1472	1770
1473	1295
1474	611
1475	2298
1476	1212
1477	2766
1478	1607
1479	1921
1480	1340
1481	1250
1482	1023
1483	2435
1484	1274
1485	1282
1486	1285
1487	2271
1488	1249
1489	1558
1490	1956
1491	2513
1492	1231
1493	1002
1494	2333
1495	1400
1496	2370
1497	1432
1498	2054
1499	1627
1500	1446
1501	1630
1502	993
1503	2078
1504	1672
1505	1057
1506	462
1507	1608
1508	1066
1509	1734
1510	1249
1511	1490
1512	938
1513	1688
1514	1717
1515	1344
1516	1453
1517	1264
1518	1981
1519	1681
1520	1100
1521	2250
1522	2956
1523	1962
1524	836
1525	1336
1526	1215
1527	1961
1528	1939
1529	990
1530	1650
1531	1357
1532	922
1533	1804
1534	1764
1535	1522
1536	1280
1537	2041
1538	1972
1539	1190
1540	754
1541	1744
1542	1515
1543	2008
1544	807
1545	2234
1546	1371
1547	1561
1548	1610
1549	1233
1550	1753
1551	1376
1552	1633
1553	2362
1554	1685
1555	1367
1556	1516
1557	2253
1558	1662
1559	2611
1560	1489
1561	899
1562	2008
1563	2024
1564	1557
1565	1308
1566	1095
1567	1622
1568	1925
1569	1358
1570	1309
1571	1212
1572	2076
1573	2259
1574	1526
1575	2023
1576	1358
1577	1095
1578	940
1579	1565
1580	1072
1581	1402
1582	1782
1583	2228
1584	1489
1585	850
1586	1001
1587	1195
1588	2476
1589	2071
1590	1320
1591	1776
1592	1196
1593	1913
1594	1143
1595	2541
1596	1517
1597	1205
1598	1446
1599	1154
1600	1674
1601	1319
1602	1062
1603	2767
1604	1435
1605	862
1606	1959
1607	1580
1608	1325
1609	2404
1610	1344
1611	1365
1612	2112
1613	1470
1614	2365
1615	1511
1616	2341
1617	1109
1618	2372
1619	1738
1620	845
1621	1959
1622	2065
1623	1135
1624	1115
1625	1921
1626	1044
1627	1352
1628	1602
1629	1739
1630	1317
1631	2681
1632	2187
1633	2810
1634	1439
1635	1615
1636	1351
1637	1021
1638	1461
1639	1666
1640	1048
1641	1601
1642	1217
1643	1040
1644	2186
1645	1667
1646	1319
1647	1012
1648	1743
1649	1527
1650	690
1651	2529
1652	1327
1653	2092
1654	1475
1655	1363
1656	1488
1657	3046
1658	1464
1659	1289
1660	1532
1661	1723
1662	1186
1663	2837
1664	1320
1665	1400
1666	1482
1667	2320
1668	1127
1669	1721
1670	1312
1671	1422
1672	1950
1673	2093
1674	1323
1675	1647
1676	1315
1677	1295
1678	967
1679	1323
1680	1571
1681	1082
1682	831
1683	1578
1684	1162
1685	1501
1686	2208
1687	2327
1688	2104
1689	984
1690	1482
1691	1278
1692	1330
1693	1145
1694	899
1695	644
1696	1314
1697	1004
1698	1659
1699	2344
1700	1476
1701	1537
1702	1236
1703	2054
1704	1685
1705	1646
1706	1710
1707	1740
1708	1011
1709	994
1710	1287
1711	1403
1712	1257
1713	1691
1714	1462
1715	1595
1716	2090
1717	2432
1718	1157
1719	1653
1720	1838
1721	1827
1722	1193
1723	2780
1724	1593
1725	2902
1726	1312
1727	2186
1728	1752
1729	1138
1730	1915
1731	1123
1732	1251
1733	940
1734	1562
1735	2355
1736	1613
1737	1438
1738	1360
1739	1739
1740	1164
1741	1061
1742	1606
1743	1620
1744	1571
1745	1458
1746	1942
1747	2111
1748	2392
1749	1258
1750	1159
1751	1218
1752	1404
1753	1443
1754	997
1755	1340
1756	1358
1757	1689
1758	1833
1759	2028
1760	1091
1761	1752
1762	1587
1763	1517
1764	518
1765	2052
1766	1471
1767	1251
1768	1369
1769	1421
1770	1011
1771	1332
1772	1547
1773	1808
1774	1984
1775	1252
1776	1150
1777	2105
1778	1736
1779	1450
1780	737
1781	1749
1782	1593
1783	1366
1784	1881
1785	1307
1786	1087
1787	1485
1788	635
1789	1284
1790	1797
1791	1277
1792	1661
1793	1823
1794	1723
1795	1507
1796	1532
1797	925
1798	1487
1799	1943
1800	1154
1801	1450
1802	1251
1803	1949
1804	1857
1805	1956
1806	758
1807	1627
1808	1521
1809	1373
1810	1323
1811	1920
1812	1264
1813	1571
1814	1255
1815	2413
1816	1479
1817	797
1818	1643
1819	1319
1820	1501
1821	1915
1822	2168
1823	1559
1824	1807
1825	1289
1826	1753
1827	1767
1828	1687
1829	2117
1830	2125
1831	1813
1832	1289
1833	1457
1834	1604
1835	3384
1836	1297
1837	1450
1838	1083
1839	1792
1840	1659
1841	2126
1842	1862
1843	1032
1844	1381
1845	2230
1846	1493
1847	1294
1848	2156
1849	1134
1850	870
1851	2209
1852	1448
1853	1793
1854	1236
1855	1890
1856	1455
1857	1431
1858	1515
1859	1275
1860	1306
1861	2205
1862	1033
1863	1103
1864	1740
1865	1054
1866	1365
1867	1626
1868	1609
1869	1091
1870	1153
1871	1747
1872	2869
1873	1757
1874	1564
1875	1609
1876	1863
1877	2129
1878	1407
1879	1338
1880	1290
1881	1430
1882	1504
1883	1970
1884	1841
1885	1490
1886	2552
1887	1022
1888	1057
1889	2118
1890	1976
1891	1825
1892	1093
1893	2238
1894	2064
1895	1767
1896	1541
1897	1707
1898	1708
1899	1173
1900	1486
1901	1614
1902	2158
1903	2109
1904	907
1905	915
1906	1792
1907	814
1908	1567
1909	1590
1910	2679
1911	1132
1912	2027
1913	2268
1914	1061
1915	1847
1916	1883
1917	1668
1918	1478
1919	988
1920	2484
1921	1730
1922	772
1923	1890
1924	1494
1925	2300
1926	1881
1927	2533
1928	1628
1929	1389
1930	2019
1931	1627
1932	1943
1933	1427
1934	1421
1935	1631
1936	1352
1937	1766
1938	1276
1939	1490
1940	1415
1941	1574
1942	2150
1943	1838
1944	1536
1945	1433
1946	1518
1947	1369
1948	1017
1949	1818
1950	2241
1951	1954
1952	1246
1953	1366
1954	1032
1955	1839
1956	1309
1957	1369
1958	2144
1959	1294
1960	1708
1961	1868
1962	1125
1963	1176
1964	2044
1965	1576
1966	1442
1967	1142
1968	1212
1969	1484
1970	1542
1971	2320
1972	2438
1973	802
1974	1529
1975	1119
1976	2387
1977	1736
1978	1398
1979	1563
1980	2165
1981	1237
1982	1837
1983	1516
1984	1273
1985	1847
1986	1482
1987	1678
1988	1540
1989	2035
1990	1116
1991	1324
1992	1812
1993	1933
1994	1268
1995	2436
1996	1905
1997	1674
1998	1290
1999	1455
2000	1524
2001	2165
2002	1672
2003	2701
2004	820
2005	1629
2006	1321
2007	1441
2008	2156
2009	2009
2010	1193
2011	1272
2012	1727
2013	1858
2014	2011
2015	1777
2016	1508
2017	1735
2018	1668
2019	2070
2020	1656
2021	1911
2022	1481
2023	1290
2024	1849
2025	1993
2026	2474
2027	2478
2028	2479
2029	827
2030	2247
2031	887
2032	1612
2033	1534
2034	2112
2035	1820
2036	1899
2037	1390
2038	1068
2039	1626
2040	1258
2041	1119
2042	1542
2043	1515
2044	1971
2045	1195
2046	2485
2047	1463
2048	1813
2049	1482
2050	1074
2051	1739
2052	1479
2053	1467
2054	1754
2055	1465
2056	1286
2057	1467
2058	1102
2059	1993
2060	1250
2061	1804
2062	1518
2063	1275
2064	1398
2065	1159
2066	1648
2067	1222
2068	1618
2069	2618
2070	1344
2071	2952
2072	1985
2073	1777
2074	2726
2075	1463
2076	1056
2077	1882
2078	1411
2079	1705
2080	2888
2081	1248
2082	1324
2083	1931
2084	2865
2085	1383
2086	2049
2087	941
2088	1698
2089	1561
2090	1546
2091	2401
2092	1835
2093	1339
2094	1750
2095	1862
2096	1915
2097	1337
2098	1270
2099	1803
2100	1935
2101	1571
2102	848
2103	1263
2104	1519
2105	1424
2106	2458
2107	1347
2108	2519
2109	1976
2110	1586
2111	1059
2112	2957
2113	1531
2114	2317
2115	1994
2116	2039
2117	2234
2118	1593
2119	2379
2120	1029
2121	1324
2122	1516
2123	1984
2124	1262
2125	1391
2126	1171
2127	2201
2128	2119
2129	2207
2130	1878
2131	1231
2132	1923
2133	1407
2134	1103
2135	1302
2136	1979
2137	1678
2138	1724
2139	1911
2140	2239
2141	1136
2142	1537
2143	2072
2144	2033
2145	2075
2146	1295
2147	1067
2148	1920
2149	2458
2150	2343
2151	1199
2152	1314
2153	2009
2154	1887
2155	1413
2156	1934
2157	1799
2158	1958
2159	1071
2160	1280
2161	1565
2162	1591
2163	1239
2164	1670
2165	1284
2166	1103
2167	1125
2168	2135
2169	1823
2170	1445
2171	1237
2172	923
2173	1984
2174	1165
2175	1545
2176	1517
2177	1522
2178	1305
2179	2096
2180	1341
2181	1449
2182	1715
2183	1934
2184	1558
2185	2551
2186	1827
2187	1406
2188	1954
2189	1383
2190	1566
2191	822
2192	1456
2193	2011
2194	1498
2195	2205
2196	2771
2197	1358
2198	2056
2199	1581
2200	1842
2201	1254
2202	2224
2203	1581
2204	1583
2205	2019
2206	1004
2207	1880
2208	2015
2209	1881
2210	2276
2211	1182
2212	2063
2213	1134
2214	1963
2215	1783
2216	1874
2217	1441
2218	1837
2219	1756
2220	1633
2221	1423
2222	1772
2223	1296
2224	2109
2225	2066
2226	1234
2227	1541
2228	1011
2229	2021
2230	1957
2231	1339
2232	1062
2233	603
2234	1617
2235	1823
2236	1483
2237	1095
2238	2218
2239	1337
2240	1340
2241	1961
2242	1524
2243	1478
2244	2367
2245	2245
2246	1652
2247	1219
2248	1864
2249	2137
2250	3360
2251	1773
2252	1298
2253	1209
2254	1694
2255	1414
2256	1769
2257	1414
2258	2039
2259	1137
2260	2471
2261	1124
2262	1650
2263	1514
2264	1907
2265	1674
2266	1685
2267	1390
2268	1859
2269	1475
2270	1946
2271	1840
2272	3201
2273	1593
2274	2101
2275	1160
2276	767
2277	2618
2278	1650
2279	1519
2280	1342
2281	1983
2282	1314
2283	1620
2284	716
2285	1652
2286	1918
2287	2781
2288	1463
2289	1176
2290	1052
2291	1291
2292	1057
2293	2108
2294	1095
2295	1338
2296	1620
2297	958
2298	1165
2299	2321
2300	959
2301	1893
2302	2267
2303	1552
2304	1923
2305	728
2306	1931
2307	1966
2308	1932
2309	1378
2310	1166
2311	1424
2312	1430
2313	1440
2314	2472
2315	1313
2316	2016
2317	1340
2318	1730
2319	1425
2320	1980
2321	1419
2322	1055
2323	2131
2324	1870
2325	1768
2326	1692
2327	1726
2328	1674
2329	1549
2330	1294
2331	1419
2332	2261
2333	1769
2334	2225
2335	1168
2336	1498
2337	1078
2338	1346
2339	897
2340	763
2341	1228
2342	1823
2343	1815
2344	2015
2345	2385
2346	1024
2347	1885
2348	3086
2349	1798
2350	1732
2351	1560
2352	1954
2353	1564
2354	1762
2355	1984
2356	1811
2357	2493
2358	1545
2359	1294
2360	1077
2361	1268
2362	1832
2363	1547
2364	1274
2365	1696
2366	1563
2367	1476
2368	2577
2369	1439
2370	1341
2371	2113
2372	2053
2373	2677
2374	2053
2375	1388
2376	2466
2377	1558
2378	1878
2379	1966
2380	1268
2381	1606
2382	1743
2383	1329
2384	1800
2385	1334
2386	1102
2387	2067
2388	1473
2389	1143
2390	1011
2391	1293
2392	1648
2393	1586
2394	1611
2395	2640
2396	1391
2397	1998
2398	2162
2399	2006
2400	2167
2401	1575
2402	1394
2403	816
2404	2723
2405	1670
2406	1059
2407	1476
2408	1852
2409	1129
2410	1565
2411	1167
2412	1288
2413	1126
2414	1609
2415	695
2416	1957
2417	2071
2418	1132
2419	1414
2420	1170
2421	2516
2422	1880
2423	2012
2424	1233
2425	2139
2426	1437
2427	2405
2428	2001
2429	1860
2430	3060
2431	1316
2432	2008
2433	1709
2434	949
2435	1324
2436	2036
2437	1644
2438	1752
2439	1211
2440	2358
2441	2091
2442	1123
2443	1467
2444	2275
2445	1385
2446	2242
2447	1045
2448	1106
2449	2471
2450	1486
2451	1085
2452	1311
2453	1663
2454	2429
2455	1100
2456	1864
2457	2161
2458	2326
2459	2064
2460	1416
2461	1312
2462	1806
2463	2039
2464	1760
2465	1494
2466	1263
2467	2149
2468	1276
2469	1343
2470	1900
2471	1725
2472	2538
2473	1129
2474	1922
2475	1367
2476	1482
2477	1369
2478	2173
2479	1450
2480	1329
2481	2007
2482	1797
2483	1284
2484	1740
2485	1675
2486	1099
2487	1741
2488	1584
2489	1881
2490	1700
2491	1644
2492	1419
2493	2698
2494	2452
2495	1839
2496	1632
2497	1787
2498	2447
2499	2054
2500	1946
2501	2423
2502	2802
2503	1684
2504	999
2505	1843
2506	821
2507	1754
2508	1378
2509	2254
2510	1422
2511	1000
2512	1203
2513	1535
2514	1474
2515	1764
2516	1737
2517	888
2518	925
2519	2428
2520	1444
2521	1063
2522	1436
2523	1880
2524	1390
2525	1735
2526	1164
2527	2045
2528	1337
2529	2563
2530	1667
2531	2608
2532	941
2533	1172
2534	815
2535	1683
2536	1478
2537	1319
2538	2199
2539	1355
2540	1339
2541	1151
2542	1085
2543	2376
2544	1300
2545	1594
2546	2527
2547	1665
2548	2638
2549	2448
2550	1509
2551	1807
2552	2041
2553	1671
2554	1655
2555	1942
2556	2139
2557	1556
2558	1581
2559	1422
2560	1565
2561	1933
2562	1257
2563	1190
2564	2202
2565	1836
2566	1348
2567	947
2568	1279
2569	2201
2570	1653
2571	1862
2572	2208
2573	884
2574	1613
2575	1737
2576	1668
2577	1340
2578	1598
2579	1003
2580	2045
2581	1385
2582	1330
2583	1439
2584	1593
2585	1309
2586	2550
2587	2024
2588	2716
2589	1486
2590	1983
2591	1470
2592	3350
2593	2312
2594	1982
2595	1579
2596	1594
2597	1459
2598	909
2599	1778
2600	2004
2601	1118
2602	1336
2603	2059
2604	2798
2605	1677
2606	2399
2607	1124
2608	1232
2609	1418
2610	1309
2611	2012
2612	2018
2613	1056
2614	1801
2615	1686
2616	1616
2617	1856
2618	1067
2619	1429
2620	1612
2621	2133
2622	1557
2623	1509
2624	2685
2625	1183
2626	924
2627	1736
2628	1501
2629	1737
2630	224
2631	1038
2632	1389
2633	1549
2634	1831
2635	1277
2636	2073
2637	2293
2638	2116
2639	1700
2640	1532
2641	1323
2642	1290
2643	1657
2644	1847
2645	1906
2646	1911
2647	1444
2648	2346
2649	1974
2650	1203
2651	1069
2652	1742
2653	1785
2654	1383
2655	1437
2656	2219
2657	1145
2658	1027
2659	1450
2660	1444
2661	1835
2662	1978
2663	1619
2664	1799
2665	1341
2666	2185
2667	1016
2668	1362
2669	1971
2670	905
2671	1933
2672	1274
2673	2027
2674	2005
2675	1152
2676	1129
2677	1920
2678	1247
2679	1894
2680	1793
2681	1866
2682	992
2683	519
2684	2507
2685	1241
2686	1348
2687	1243
2688	1484
2689	1316
2690	1761
2691	1505
2692	1307
2693	1818
2694	987
2695	1718
2696	1671
2697	1845
2698	2110
2699	2160
2700	1365
2701	816
2702	1966
2703	1813
2704	1800
2705	1251
2706	1211
2707	1792
2708	1633
2709	1666
2710	1946
2711	2324
2712	1808
2713	1793
2714	725
2715	1523
2716	1171
2717	1477
2718	1699
2719	1764
2720	2357
2721	1593
2722	1880
2723	2054
2724	1148
2725	1213
2726	1660
2727	1880
2728	1182
2729	2064
2730	2458
2731	1794
2732	2672
2733	1758
2734	2295
2735	1550
2736	2161
2737	1819
2738	1867
2739	1644
2740	2612
2741	1334
2742	1068
2743	1670
2744	2731
2745	1327
2746	1441
2747	2006
2748	1178
2749	1628
2750	2572
2751	1720
2752	986
2753	1831
2754	2526
2755	2910
2756	1051
2757	750
2758	1610
2759	1039
2760	1202
2761	1747
2762	2122
2763	1417
2764	1705
2765	1265
2766	3257
2767	1420
2768	1989
2769	2396
2770	1931
2771	1846
2772	1251
2773	1788
2774	1685
2775	1364
2776	2037
2777	2030
2778	1000
2779	1552
2780	2270
2781	1054
2782	2676
2783	1104
2784	2950
2785	1205
2786	2186
2787	1657
2788	1940
2789	1449
2790	1116
2791	2230
2792	1291
2793	824
2794	1221
2795	975
2796	1204
2797	1728
2798	1307
2799	2285
2800	1212
2801	1990
2802	1862
2803	1938
2804	1429
2805	1399
2806	996
2807	1101
2808	1269
2809	1834
2810	1437
2811	2354
2812	2163
2813	1813
2814	2356
2815	2242
2816	1094
2817	1678
2818	1603
2819	1519
2820	1363
2821	858
2822	1753
2823	1868
2824	1745
2825	1280
2826	1278
2827	1589
2828	1055
2829	1416
2830	2174
2831	1571
2832	2339
2833	1543
2834	1654
2835	2168
2836	1133
2837	1742
2838	1545
2839	2034
2840	2297
2841	957
2842	2108
2843	1825
2844	1383
2845	1810
2846	1088
2847	2237
2848	948
2849	1660
2850	1858
2851	1641
2852	1719
2853	1955
2854	1224
2855	834
2856	1756
2857	1172
2858	1096
2859	1546
2860	1511
2861	1409
2862	1743
2863	1210
2864	1088
2865	2086
2866	1396
2867	2175
2868	2395
2869	1856
2870	1522
2871	1967
2872	2130
2873	1232
2874	1016
2875	1697
2876	1409
2877	1436
2878	1700
2879	1146
2880	2078
2881	2021
2882	1444
2883	1282
2884	2285
2885	854
2886	2336
2887	1795
2888	971
2889	1109
2890	1762
2891	1692
2892	1280
2893	1493
2894	783
2895	1070
2896	1117
2897	1531
2898	1619
2899	1397
2900	2234
2901	1852
2902	2256
2903	1792
2904	2275
2905	1233
2906	1969
2907	1566
2908	1849
2909	1693
2910	1282
2911	1815
2912	1023
2913	1271
2914	705
2915	902
2916	1345
2917	1680
2918	2512
2919	1484
2920	2448
2921	2664
2922	1560
2923	1394
2924	1287
2925	1439
2926	1065
2927	1442
2928	1275
2929	1570
2930	2265
2931	1866
2932	1059
2933	1902
2934	1497
2935	1494
2936	1890
2937	1476
2938	1255
2939	2188
2940	1502
2941	1960
2942	2307
2943	1432
2944	1904
2945	2335
2946	1486
2947	1109
2948	1580
2949	1112
2950	1933
2951	1521
2952	1731
2953	2027
2954	1821
2955	1480
2956	1169
2957	2350
2958	1323
2959	2116
2960	1856
2961	1128
2962	1582
2963	2459
2964	1430
2965	2205
2966	960
2967	1299
2968	2240
2969	1483
2970	1760
2971	1740
2972	2225
2973	2138
2974	1955
2975	2692
2976	1155
2977	2240
2978	1415
2979	1695
2980	2051
2981	1593
2982	1782
2983	1619
2984	2069
2985	2628
2986	2537
2987	1986
2988	1392
2989	1469
2990	1684
2991	986
2992	2164
2993	1511
2994	1591
2995	2069
2996	1637
2997	1690
2998	1015
2999	741
3000	1910
3001	1333
3002	1332
3003	1332
3004	1882
3005	1932
3006	1668
3007	1547
3008	1349
3009	2097
3010	2113
3011	1707
3012	1320
3013	1959
3014	1963
3015	2371
3016	926
3017	1770
3018	1855
3019	1760
3020	3126
3021	979
3022	2357
3023	1004
3024	2100
3025	2426
3026	1778
3027	1359
3028	1381
3029	2128
3030	1974
3031	2210
3032	1928
3033	1809
3034	1049
3035	1898
3036	1497
3037	1267
3038	1850
3039	1617
3040	1633
3041	1210
3042	1099
3043	1370
3044	2276
3045	1790
3046	1244
3047	1732
3048	2353
3049	1850
3050	1258
3051	1348
3052	1022
3053	1051
3054	1473
3055	2631
3056	1656
3057	866
3058	2061
3059	1178
3060	1574
3061	2753
3062	1677
3063	1050
3064	1634
3065	746
3066	1440
3067	1857
3068	1497
3069	1655
3070	1705
3071	1907
3072	1839
3073	1746
3074	782
3075	1972
3076	1708
3077	1058
3078	1684
3079	1775
3080	2025
3081	1268
3082	1155
3083	1354
3084	1739
3085	2042
3086	1212
3087	2586
3088	1580
3089	1928
3090	2170
3091	1400
3092	1504
3093	1364
3094	2638
3095	1352
3096	742
3097	2353
3098	2063
3099	1361
3100	2107
3101	903
3102	2185
3103	1921
3104	1162
3105	2403
3106	1628
3107	2443
3108	1315
3109	1565
3110	1335
3111	1417
3112	1531
3113	2266
3114	2606
3115	1439
3116	1651
3117	1835
3118	1566
3119	1646
3120	1509
3121	1677
3122	1386
3123	1652
3124	1747
3125	1085
3126	2045
3127	1310
3128	793
3129	2012
3130	1807
3131	2000
3132	2075
3133	2176
3134	1681
3135	2267
3136	1078
3137	1047
3138	1490
3139	1402
3140	1955
3141	2424
3142	2327
3143	605
3144	1448
3145	1824
3146	1663
3147	2148
3148	1766
3149	1136
3150	1162
3151	1906
3152	1677
3153	1589
3154	1998
3155	2022
3156	2419
3157	2592
3158	1742
3159	1178
3160	2089
3161	1802
3162	1963
3163	2020
3164	1029
3165	1166
3166	898
3167	1178
3168	1538
3169	2560
3170	2853
3171	1742
3172	1242
3173	1151
3174	2288
3175	1979
3176	2159
3177	1044
3178	1543
3179	1264
3180	1421
3181	1590
3182	2451
3183	741
3184	1922
3185	1564
3186	747
3187	1440
3188	1358
3189	1702
3190	2395
3191	2753
3192	1302
3193	1701
3194	1493
3195	1504
3196	1526
3197	1904
3198	1608
3199	1236
3200	1042
3201	2372
3202	1093
3203	1716
3204	1625
3205	2352
3206	1474
3207	1663
3208	1831
3209	1672
3210	1467
3211	2966
3212	3061
3213	2413
3214	1721
3215	1197
3216	2534
3217	2123
3218	1136
3219	1438
3220	1787
3221	1185
3222	2174
3223	2340
3224	1746
3225	1459
3226	1484
3227	1734
3228	1502
3229	2122
3230	920
3231	1460
3232	1487
3233	1415
3234	2157
3235	1093
3236	1467
3237	2688
3238	1698
3239	1462
3240	1882
3241	1904
3242	1612
3243	2062
3244	1570
3245	1433
3246	995
3247	2151
3248	1444
3249	2268
3250	1460
3251	1739
3252	2411
3253	1522
3254	1004
3255	1296
3256	2062
3257	1618
3258	1800
3259	1611
3260	1868
3261	1989
3262	1399
3263	889
3264	2213
3265	2235
3266	1641
3267	1469
3268	2040
3269	1031
3270	1915
3271	1633
3272	763
3273	1569
3274	1667
3275	1587
3276	1802
3277	2080
3278	2069
3279	1527
3280	1677
3281	1059
3282	1810
3283	1391
3284	1980
3285	1026
3286	1031
3287	867
3288	1466
3289	1601
3290	1178
3291	1306
3292	2532
3293	1782
3294	978
3295	1757
3296	2222
3297	1757
3298	1206
3299	1534
3300	1865
3301	1785
3302	1809
3303	1244
3304	1585
3305	1267
3306	3243
3307	2402
3308	1458
3309	960
3310	1572
3311	1616
3312	1456
3313	1765
3314	2083
3315	2393
3316	2068
3317	824
3318	2022
3319	1178
3320	1949
3321	1167
3322	1943
3323	1458
3324	1731
3325	1290
3326	1212
3327	1884
3328	2555
3329	1104
3330	1465
3331	1459
3332	935
3333	1658
3334	1548
3335	1771
3336	842
3337	1264
3338	1657
3339	1013
3340	1301
3341	1493
3342	1753
3343	2208
3344	1510
3345	1520
3346	1109
3347	1833
3348	2565
3349	2372
3350	2785
3351	1013
3352	1634
3353	1820
3354	1618
3355	1628
3356	1846
3357	967
3358	1976
3359	2058
3360	1532
3361	1231
3362	2551
3363	2093
3364	1735
3365	1681
3366	1241
3367	1825
3368	1635
3369	1849
3370	1975
3371	1247
3372	1253
3373	1841
3374	1478
3375	1815
3376	1649
3377	1703
3378	1593
3379	1325
3380	1842
3381	2275
3382	1755
3383	1378
3384	1126
3385	1726
3386	1721
3387	1813
3388	772
3389	1288
3390	1644
3391	1943
3392	1308
3393	2320
3394	1166
3395	2045
3396	1027
3397	1259
3398	1452
3399	2002
3400	960
3401	1651
3402	1805
3403	3008
3404	1349
3405	1940
3406	2373
3407	1624
3408	1844
3409	1401
3410	1990
3411	1433
3412	1755
3413	1096
3414	1744
3415	1451
3416	2183
3417	648
3418	1833
3419	903
3420	2369
3421	2529
3422	1057
3423	1689
3424	1662
3425	1448
3426	1494
3427	1498
3428	1997
3429	2970
3430	788
3431	1478
3432	2177
3433	1938
3434	1617
3435	1714
3436	1846
3437	1589
3438	1898
3439	1988
3440	1798
3441	1828
3442	1315
3443	1544
3444	1012
3445	3336
3446	1826
3447	1228
3448	1438
3449	1691
3450	1597
3451	2180
3452	1803
3453	1729
3454	1318
3455	1761
3456	1057
3457	2306
3458	1144
3459	2140
3460	1905
3461	1818
3462	1382
3463	1666
3464	1206
3465	2309
3466	2554
3467	2001
3468	1022
3469	2315
3470	1900
3471	865
3472	1169
3473	1693
3474	1616
3475	1333
3476	1528
3477	1149
3478	1510
3479	1883
3480	1842
3481	1208
3482	2459
3483	1809
3484	1553
3485	1968
3486	1819
3487	1638
3488	1580
3489	1593
3490	2029
3491	2495
3492	2619
3493	1842
3494	874
3495	1651
3496	2243
3497	2121
3498	1710
3499	2131
3500	1720
3501	1681
3502	1489
3503	1003
3504	1676
3505	1039
3506	1990
3507	1691
3508	2541
3509	2272
3510	1562
3511	2090
3512	1765
3513	1704
3514	1654
3515	1126
3516	1385
3517	1675
3518	2577
3519	1402
3520	1854
3521	1270
3522	1988
3523	1060
3524	1830
3525	2733
3526	1836
3527	1811
3528	1524
3529	2124
3530	1827
3531	1168
3532	1385
3533	2640
3534	2576
3535	2332
3536	1854
3537	2089
3538	1791
3539	1843
3540	2962
3541	2356
3542	2113
3543	2256
3544	1157
3545	1147
3546	1040
3547	2238
3548	2055
3549	1939
3550	1829
3551	1973
3552	1416
3553	1037
3554	1051
3555	2802
3556	1715
3557	1253
3558	1067
3559	1597
3560	2052
3561	2022
3562	2199
3563	1028
3564	1579
3565	2130
3566	1317
3567	2474
3568	1777
3569	1767
3570	1925
3571	2758
3572	1221
3573	1295
3574	587
3575	1870
3576	2300
3577	1162
3578	1444
3579	2086
3580	1410
3581	1549
3582	1081
3583	1434
3584	2212
3585	1570
3586	1197
3587	1708
3588	1711
3589	1239
3590	1439
3591	1420
3592	1414
3593	1194
3594	2050
3595	1786
3596	2312
3597	1585
3598	1391
3599	1170
3600	1571
3601	1372
3602	2419
3603	1771
3604	1721
3605	1625
3606	1598
3607	1054
3608	1039
3609	1507
3610	1105
3611	1987
3612	1264
3613	1939
3614	2198
3615	1791
3616	1526
3617	1328
3618	3306
3619	2159
3620	1514
3621	1485
3622	1278
3623	1464
3624	1958
3625	2097
3626	1856
3627	1973
3628	2404
3629	1826
3630	2236
3631	3310
3632	737
3633	1521
3634	1395
3635	2085
3636	2096
3637	2114
3638	1347
3639	1007
3640	1370
3641	2211
3642	561
3643	1463
3644	1603
3645	1180
3646	1506
3647	2414
3648	1220
3649	2386
3650	1401
3651	2035
3652	1388
3653	1274
3654	884
3655	1106
3656	1405
3657	2368
3658	1367
3659	1560
3660	1254
3661	1867
3662	1832
3663	2043
3664	2174
3665	1677
3666	1867
3667	1046
3668	2496
3669	1292
3670	1420
3671	1713
3672	1046
3673	1541
3674	1510
3675	2314
3676	1717
3677	1457
3678	2557
3679	1649
3680	978
3681	1320
3682	1388
3683	1776
3684	2096
3685	2827
3686	2174
3687	968
3688	1362
3689	2053
3690	1598
3691	741
3692	2485
3693	2439
3694	2046
3695	1637
3696	1819
3697	2708
3698	3316
3699	1620
3700	1735
3701	2308
3702	2329
3703	1174
3704	1813
3705	1964
3706	862
3707	1163
3708	1579
3709	1816
3710	979
3711	2005
3712	1787
3713	2491
3714	1411
3715	2162
3716	2030
3717	1584
3718	1410
3719	668
3720	1331
3721	1497
3722	2126
3723	1530
3724	1281
3725	1372
3726	968
3727	832
3728	1563
3729	1468
3730	741
3731	2205
3732	2183
3733	872
3734	1506
3735	1281
3736	1621
3737	1751
3738	1586
3739	1677
3740	2120
3741	1583
3742	1099
3743	2429
3744	1036
3745	1848
3746	1558
3747	1501
3748	1942
3749	1406
3750	2566
3751	2553
3752	1325
3753	3283
3754	2811
3755	4544
3756	1755
3757	1461
3758	1790
3759	1530
3760	1239
3761	2329
3762	1920
3763	1912
3764	1955
3765	2257
3766	1164
3767	1251
3768	1448
3769	1591
3770	927
3771	1616
3772	874
3773	1199
3774	1833
3775	2034
3776	1670
3777	1313
3778	1767
3779	1044
3780	1109
3781	2719
3782	1007
3783	1269
3784	1573
3785	1203
3786	1522
3787	2155
3788	1695
3789	1477
3790	1916
3791	1039
3792	2236
3793	1899
3794	2661
3795	2268
3796	1044
3797	1318
3798	1320
3799	1495
3800	2843
3801	2248
3802	1661
3803	2147
3804	2251
3805	1845
3806	1185
3807	973
3808	1235
3809	1031
3810	2082
3811	1823
3812	2045
3813	2565
3814	1092
3815	1506
3816	1006
3817	887
3818	1266
3819	1055
3820	1533
3821	2045
3822	1362
3823	1393
3824	1806
3825	2628
3826	1410
3827	1738
3828	1384
3829	1299
3830	1608
3831	1773
3832	1698
3833	2054
3834	1101
3835	1246
3836	1380
3837	2643
3838	2260
3839	2247
3840	1377
3841	2197
3842	1126
3843	954
3844	2223
3845	1849
3846	1845
3847	1820
3848	2018
3849	1840
3850	1454
3851	2057
3852	1773
3853	1643
3854	1734
3855	1884
3856	1326
3857	1403
3858	907
3859	1418
3860	2102
3861	1238
3862	1660
3863	1597
3864	1942
3865	2384
3866	2694
3867	2241
3868	1568
3869	1622
3870	1057
3871	2521
3872	1627
3873	1525
3874	2055
3875	1448
3876	2770
3877	1723
3878	1336
3879	1386
3880	1334
3881	2042
3882	1395
3883	965
3884	1818
3885	1113
3886	638
3887	1503
3888	2514
3889	691
3890	2123
3891	2410
3892	1688
3893	1390
3894	2244
3895	1619
3896	1756
3897	1284
3898	2600
3899	1129
3900	1516
3901	1987
3902	910
3903	1511
3904	1683
3905	1878
3906	2640
3907	961
3908	1657
3909	1615
3910	2193
3911	718
3912	2619
3913	1174
3914	1626
3915	989
3916	2245
3917	1775
3918	1634
3919	1663
3920	1347
3921	1608
3922	1283
3923	1641
3924	1619
3925	1362
3926	1143
3927	1862
3928	2295
3929	1151
3930	1486
3931	2280
3932	1590
3933	1717
3934	1695
3935	1587
3936	2202
3937	2518
3938	1539
3939	2804
3940	2207
3941	1253
3942	965
3943	1929
3944	1590
3945	2581
3946	2843
3947	1887
3948	1896
3949	1411
3950	1119
3951	2604
3952	1861
3953	1613
3954	1704
3955	1808
3956	1859
3957	1321
3958	1183
3959	1372
3960	2331
3961	1477
3962	1706
3963	1158
3964	1336
3965	1828
3966	1260
3967	2111
3968	1562
3969	1555
3970	1570
3971	1987
3972	1598
3973	1212
3974	1524
3975	2045
3976	1008
3977	1832
3978	1832
3979	2283
3980	1575
3981	2493
3982	1547
3983	1535
3984	2572
3985	2386
3986	1917
3987	835
3988	1551
3989	1812
3990	1711
3991	1243
3992	1657
3993	1744
3994	1500
3995	861
3996	1133
3997	2975
3998	909
3999	2027
4000	2092
4001	1836
4002	1469
4003	1367
4004	1168
4005	1944
4006	2320
4007	1750
4008	1979
4009	1484
4010	1631
4011	1211
4012	1019
4013	1247
4014	1070
4015	1047
4016	1339
4017	1005
4018	1979
4019	2553
4020	1023
4021	3189
4022	1898
4023	1064
4024	2481
4025	2817
4026	3786
4027	1850
4028	2111
4029	2373
4030	1616
4031	1781
4032	3053
4033	1378
4034	2541
4035	1515
4036	2395
4037	1853
4038	1124
4039	2344
4040	1478
4041	2112
4042	1866
4043	1540
4044	3057
4045	674
4046	2200
4047	1600
4048	1313
4049	2424
4050	1651
4051	1714
4052	713
4053	1548
4054	1950
4055	1027
4056	879
4057	1088
4058	712
4059	1796
4060	1561
4061	2656
4062	1962
4063	1197
4064	2941
4065	2245
4066	1427
4067	1603
4068	1558
4069	2995
4070	1421
4071	2164
4072	1455
4073	963
4074	1239
4075	1666
4076	2456
4077	1470
4078	1677
4079	1268
4080	1089
4081	1811
4082	1310
4083	1370
4084	1858
4085	2105
4086	2903
4087	762
4088	1057
4089	1551
4090	2683
4091	1626
4092	534
4093	2056
4094	2003
4095	1111
4096	1456
4097	1985
4098	1673
4099	2411
4100	1827
4101	1162
4102	1699
4103	2034
4104	1552
4105	985
4106	2147
4107	2037
4108	1740
4109	1845
4110	2279
4111	1387
4112	1361
4113	1115
4114	2076
4115	1492
4116	1779
4117	1851
4118	982
4119	1485
4120	1236
4121	1700
4122	1295
4123	1478
4124	1943
4125	2707
4126	2087
4127	1453
4128	1978
4129	1043
4130	2171
4131	2864
4132	2202
4133	1472
4134	1633
4135	1683
4136	1903
4137	2075
4138	2210
4139	1867
4140	1313
4141	1634
4142	1732
4143	1819
4144	1261
4145	1177
4146	2343
4147	1575
4148	3443
4149	923
4150	1459
4151	1145
4152	2595
4153	1890
4154	1102
4155	1148
4156	2065
4157	2909
4158	1884
4159	1310
4160	1458
4161	2961
4162	2235
4163	1238
4164	2030
4165	1708
4166	2013
4167	1076
4168	994
4169	2233
4170	1851
4171	994
4172	2124
4173	2531
4174	1775
4175	2222
4176	1950
4177	1648
4178	1677
4179	1153
4180	1657
4181	2197
4182	1819
4183	2028
4184	1755
4185	1440
4186	1150
4187	1958
4188	1170
4189	1258
4190	1918
4191	1201
4192	1521
4193	2344
4194	755
4195	1928
4196	1839
4197	1882
4198	1429
4199	1724
4200	1205
4201	2118
4202	2123
4203	1539
4204	1430
4205	889
4206	2415
4207	1183
4208	2867
4209	1664
4210	3348
4211	1507
4212	1430
4213	1647
4214	1713
4215	1325
4216	954
4217	1409
4218	814
4219	3162
4220	743
4221	1692
4222	1110
4223	1469
4224	1784
4225	1617
4226	1377
4227	1936
4228	1630
4229	1501
4230	1776
4231	2062
4232	2755
4233	1905
4234	1619
4235	1699
4236	1199
4237	1532
4238	1428
4239	1565
4240	1840
4241	1825
4242	2174
4243	1817
4244	1355
4245	1660
4246	1601
4247	1522
4248	2184
4249	2272
4250	1328
4251	2089
4252	3150
4253	1069
4254	1713
4255	1643
4256	2088
4257	1597
4258	2116
4259	1288
4260	1601
4261	1928
4262	1254
4263	1655
4264	1914
4265	1231
4266	1664
4267	1764
4268	1920
4269	1790
4270	2189
4271	2606
4272	2235
4273	1150
4274	1700
4275	1584
4276	1076
4277	2889
4278	1520
4279	2043
4280	2013
4281	2905
4282	1802
4283	2547
4284	1898
4285	1266
4286	1079
4287	2275
4288	1404
4289	2311
4290	1246
4291	1240
4292	1096
4293	1064
4294	1237
4295	1590
4296	1615
4297	1637
4298	1128
4299	1592
4300	2865
4301	1510
4302	1732
4303	1717
4304	2042
4305	1833
4306	2153
4307	1944
4308	1723
4309	1380
4310	1198
4311	1319
4312	1872
4313	1689
4314	1686
4315	2207
4316	1611
4317	1656
4318	1025
4319	1476
4320	1132
4321	2059
4322	1398
4323	1967
4324	2611
4325	2131
4326	1909
4327	1393
4328	1214
4329	1700
4330	1016
4331	1563
4332	1427
4333	1550
4334	1800
4335	2001
4336	771
4337	2203
4338	1796
4339	1400
4340	1476
4341	1807
4342	2698
4343	3942
4344	2848
4345	2024
4346	1441
4347	1463
4348	1654
4349	1148
4350	1720
4351	1079
4352	1342
4353	1582
4354	1386
4355	1767
4356	1464
4357	1886
4358	1412
4359	3167
4360	1154
4361	2490
4362	1085
4363	2568
4364	1225
4365	1947
4366	1065
4367	1324
4368	2327
4369	1256
4370	1799
4371	3029
4372	1663
4373	1335
4374	2808
4375	1411
4376	2121
4377	1567
4378	1580
4379	2135
4380	1283
4381	1304
4382	1329
4383	2029
4384	1197
4385	3024
4386	1561
4387	2188
4388	1739
4389	1801
4390	1777
4391	1120
4392	1721
4393	2787
4394	2033
4395	1853
4396	1063
4397	1709
4398	1163
4399	2260
4400	2801
4401	1803
4402	1131
4403	1449
4404	1917
4405	1219
4406	1246
4407	1301
4408	1459
4409	1771
4410	1800
4411	1433
4412	1831
4413	1283
4414	1253
4415	2097
4416	1668
4417	1656
4418	1308
4419	1784
4420	1842
4421	2139
4422	1894
4423	2125
4424	1767
4425	1441
4426	1232
4427	1630
4428	1430
4429	1520
4430	2752
4431	1544
4432	1085
4433	1442
4434	1441
4435	1521
4436	1110
4437	2090
4438	2012
4439	1589
4440	1098
4441	1723
4442	1281
4443	2235
4444	1230
4445	1470
4446	2183
4447	1665
4448	2624
4449	2076
4450	1793
4451	1103
4452	1017
4453	1848
4454	2812
4455	2436
4456	1849
4457	1443
4458	2172
4459	1274
4460	1241
4461	1090
4462	1100
4463	2332
4464	2158
4465	1181
4466	1424
4467	1262
4468	1276
4469	1284
4470	374
4471	1776
4472	1609
4473	989
4474	1884
4475	2051
4476	2319
4477	2108
4478	2232
4479	847
4480	1438
4481	1721
4482	1029
4483	1048
4484	1255
4485	1336
4486	1522
4487	1884
4488	2329
4489	1080
4490	1595
4491	1907
4492	1998
4493	1346
4494	1402
4495	1826
4496	1293
4497	1266
4498	1531
4499	781
4500	1756
4501	1705
4502	2296
4503	1833
4504	1386
4505	2723
4506	1268
4507	1263
4508	1261
4509	901
4510	2731
4511	1083
4512	1148
4513	1955
4514	1422
4515	2041
4516	924
4517	2038
4518	881
4519	1388
4520	1639
4521	1420
4522	2717
4523	2184
4524	1730
4525	1798
4526	1195
4527	1364
4528	1615
4529	1120
4530	1373
4531	2893
4532	2020
4533	2056
4534	1415
4535	2143
4536	1809
4537	1750
4538	2035
4539	1860
4540	1507
4541	1739
4542	1372
4543	952
4544	2080
4545	1986
4546	2270
4547	2996
4548	1322
4549	1908
4550	2197
4551	1786
4552	2579
4553	1851
4554	1374
4555	1743
4556	1800
4557	1657
4558	860
4559	1777
4560	1095
4561	3820
4562	1061
4563	1717
4564	1056
4565	1771
4566	1337
4567	1836
4568	2254
4569	2006
4570	2043
4571	1335
4572	1592
4573	2035
4574	2030
4575	1033
4576	1884
4577	1297
4578	1626
4579	2169
4580	1747
4581	1902
4582	2632
4583	2619
4584	2016
4585	840
4586	1818
4587	1834
4588	1553
4589	1211
4590	2199
4591	1668
4592	1696
4593	1076
4594	1703
4595	1223
4596	1100
4597	2364
4598	1592
4599	1489
4600	1053
4601	1411
4602	1169
4603	1815
4604	1486
4605	1960
4606	2149
4607	838
4608	1869
4609	1501
4610	1007
4611	4087
4612	2024
4613	1813
4614	1037
4615	1477
4616	1249
4617	2440
4618	3826
4619	1900
4620	1705
4621	1180
4622	1857
4623	1285
4624	1659
4625	1765
4626	1893
4627	1729
4628	1347
4629	1647
4630	2839
4631	1768
4632	1602
4633	892
4634	1639
4635	1644
4636	1182
4637	1834
4638	1055
4639	2313
4640	1766
4641	1902
4642	1002
4643	1347
4644	1995
4645	1620
4646	1353
4647	1676
4648	1632
4649	1457
4650	2559
4651	1632
4652	1940
4653	1596
4654	1971
4655	881
4656	1423
4657	1113
4658	2178
4659	1633
4660	1900
4661	1479
4662	1916
4663	1539
4664	2822
4665	866
4666	2691
4667	2185
4668	1856
4669	1208
4670	1522
4671	1200
4672	1245
4673	1274
4674	1189
4675	1298
4676	1644
4677	2067
4678	1541
4679	1416
4680	1071
4681	1626
4682	1637
4683	1752
4684	2272
4685	2612
4686	1693
4687	1410
4688	1796
4689	1213
4690	1520
4691	1791
4692	1546
4693	1341
4694	2606
4695	1391
4696	1850
4697	1791
4698	1959
4699	2359
4700	1721
4701	1776
4702	1305
4703	1520
4704	1309
4705	1759
4706	2508
4707	1496
4708	1648
4709	1622
4710	1651
4711	2057
4712	1779
4713	1438
4714	1863
4715	1545
4716	1604
4717	1438
4718	1419
4719	1276
4720	882
4721	1386
4722	1825
4723	1665
4724	1836
4725	1711
4726	2415
4727	2058
4728	1513
4729	1589
4730	2147
4731	1358
4732	1936
4733	3463
4734	1087
4735	1498
4736	1754
4737	2296
4738	2139
4739	1697
4740	1623
4741	2769
4742	1914
4743	2059
4744	1092
4745	2229
4746	1804
4747	1348
4748	1077
4749	3145
4750	1854
4751	1810
4752	1378
4753	1888
4754	1128
4755	784
4756	1231
4757	1052
4758	2336
4759	1395
4760	1276
4761	1547
4762	1817
4763	791
4764	1707
4765	1130
4766	2253
4767	2454
4768	2973
4769	1977
4770	1982
4771	777
4772	1859
4773	2482
4774	1247
4775	1468
4776	2252
4777	1956
4778	2356
4779	2125
4780	1788
4781	2050
4782	1339
4783	2976
4784	1528
4785	1929
4786	1487
4787	1621
4788	1706
4789	1405
4790	2372
4791	1481
4792	1777
4793	2298
4794	1851
4795	1460
4796	1417
4797	1801
4798	1694
4799	1751
4800	1287
4801	2120
4802	2051
4803	862
4804	2010
4805	1534
4806	368
4807	1331
4808	1775
4809	2539
4810	2233
4811	3282
4812	1466
4813	1668
4814	2410
4815	2556
4816	1535
4817	3679
4818	809
4819	1902
4820	980
4821	1452
4822	966
4823	1212
4824	1511
4825	1660
4826	1318
4827	1150
4828	2498
4829	1857
4830	1739
4831	1621
4832	1096
4833	1354
4834	1707
4835	1602
4836	1564
4837	1082
4838	821
4839	1379
4840	1802
4841	1834
4842	2187
4843	2800
4844	2358
4845	1897
4846	1751
4847	1498
4848	1649
4849	1928
4850	1800
4851	2142
4852	1685
4853	1870
4854	1123
4855	1934
4856	1287
4857	1507
4858	1473
4859	1533
4860	906
4861	1412
4862	2384
4863	1034
4864	2683
4865	1383
4866	1015
4867	1729
4868	1178
4869	1461
4870	1449
4871	1353
4872	2409
4873	2075
4874	1375
4875	2326
4876	1589
4877	1435
4878	1556
4879	1786
4880	2508
4881	1987
4882	2077
4883	1747
4884	2208
4885	1128
4886	1809
4887	892
4888	2522
4889	2266
4890	1893
4891	2328
4892	2243
4893	1253
4894	1187
4895	1990
4896	1353
4897	2253
4898	2965
4899	1887
4900	2870
4901	2373
4902	1722
4903	1736
4904	3427
4905	2845
4906	2681
4907	1097
4908	1797
4909	2941
4910	1418
4911	1542
4912	1744
4913	1210
4914	2299
4915	1779
4916	1981
4917	1361
4918	2088
4919	1484
4920	1245
4921	2409
4922	1100
4923	1585
4924	1357
4925	1117
4926	1998
4927	1641
4928	1806
4929	1108
4930	2578
4931	1412
4932	2678
4933	1680
4934	2113
4935	1254
4936	3274
4937	2235
4938	1957
4939	2146
4940	1032
4941	1612
4942	2486
4943	1310
4944	1891
4945	1509
4946	1843
4947	916
4948	1394
4949	1525
4950	3208
4951	1624
4952	1845
4953	1100
4954	1623
4955	2054
4956	1409
4957	973
4958	2169
4959	1609
4960	2104
4961	1658
4962	1375
4963	1438
4964	1380
4965	1972
4966	2412
4967	1436
4968	981
4969	1439
4970	2072
4971	2230
4972	1455
4973	2067
4974	1841
4975	1819
4976	2684
4977	872
4978	2480
4979	1218
4980	2243
4981	1786
4982	1392
4983	1887
4984	1995
4985	1210
4986	1411
4987	1213
4988	962
4989	1274
4990	1620
4991	1080
4992	1641
4993	2793
4994	1360
4995	1677
4996	965
4997	1850
4998	1454
4999	983
5000	1144
5001	1842
5002	1758
5003	1918
5004	1977
5005	1339
5006	1843
5007	1761
5008	1386
5009	814
5010	1324
5011	1217
5012	1884
5013	1443
5014	2302
5015	1712
5016	1952
5017	3041
5018	1603
5019	2200
5020	1577
5021	1467
5022	1384
5023	1591
5024	1380
5025	1190
5026	1106
5027	1961
5028	1522
5029	2914
5030	2203
5031	1530
5032	1261
5033	1613
5034	1305
5035	1446
5036	2056
5037	1726
5038	2646
5039	1933
5040	2252
5041	1114
5042	1274
5043	2070
5044	1195
5045	1591
5046	1284
5047	635
5048	1080
5049	2318
5050	2525
5051	1258
5052	1368
5053	1403
5054	1790
5055	1014
5056	1626
5057	1110
5058	1260
5059	1483
5060	2077
5061	1605
5062	1596
5063	1722
5064	1420
5065	1960
5066	2782
5067	2033
5068	1407
5069	1066
5070	1751
5071	2108
5072	1314
5073	1921
5074	1191
5075	1304
5076	2119
5077	1573
5078	3215
5079	2227
5080	1094
5081	1291
5082	1876
5083	1567
5084	1721
5085	1828
5086	2484
5087	910
5088	1518
5089	1789
5090	1439
5091	2300
5092	1717
5093	1561
5094	1201
5095	1361
5096	2209
5097	931
5098	1887
5099	1126
5100	1963
5101	1478
5102	1256
5103	1113
5104	1265
5105	1762
5106	2875
5107	2875
5108	2606
5109	1467
5110	1496
5111	2235
5112	1254
5113	2840
5114	1502
5115	1830
5116	2229
5117	830
5118	1979
5119	1551
5120	2832
5121	1587
5122	1377
5123	1118
5124	909
5125	1830
5126	1745
5127	2178
5128	1408
5129	2838
5130	2243
5131	1828
5132	2178
5133	3607
5134	2282
5135	1880
5136	2290
5137	1614
5138	3705
5139	2314
5140	2788
5141	1484
5142	1080
5143	1466
5144	994
5145	1460
5146	1778
5147	1812
5148	2395
5149	1600
5150	1455
5151	1634
5152	2687
5153	1133
5154	1706
5155	1329
5156	1927
5157	790
5158	1787
5159	1277
5160	1216
5161	1965
5162	1490
5163	1616
5164	1529
5165	2015
5166	1783
5167	1920
5168	1551
5169	1679
5170	1601
5171	1737
5172	3702
5173	1438
5174	2830
5175	1378
5176	1003
5177	1153
5178	1571
5179	2220
5180	1805
5181	1365
5182	1461
5183	1289
5184	1968
5185	1633
5186	1285
5187	1167
5188	1374
5189	1239
5190	1142
5191	1614
5192	1241
5193	2799
5194	1713
5195	1291
5196	1605
5197	1483
5198	937
5199	900
5200	2597
5201	1697
5202	1270
5203	713
5204	1763
5205	1661
5206	1857
5207	1662
5208	703
5209	1458
5210	1624
5211	3102
5212	1678
5213	1915
5214	1027
5215	1685
5216	1497
5217	807
5218	1843
5219	1545
5220	1905
5221	1481
5222	2102
5223	2025
5224	2036
5225	1726
5226	2697
5227	2271
5228	1711
5229	824
5230	1145
5231	2037
5232	2053
5233	1607
5234	2019
5235	1650
5236	3126
5237	1479
5238	1197
5239	2076
5240	1593
5241	1426
5242	2192
5243	2003
5244	1172
5245	980
5246	1584
5247	1697
5248	1538
5249	1647
5250	1332
5251	4371
5252	2470
5253	2356
5254	2873
5255	3499
5256	3101
5257	1374
5258	1969
5259	1984
5260	1484
5261	1953
5262	2890
5263	1674
5264	1370
5265	2612
5266	2567
5267	2382
5268	1990
5269	2068
5270	1117
5271	1125
5272	1333
5273	1708
5274	1253
5275	2071
5276	1617
5277	1250
5278	1802
5279	1713
5280	2036
5281	1759
5282	1876
5283	1292
5284	884
5285	1383
5286	1856
5287	1862
5288	1164
5289	1990
5290	1996
5291	2009
5292	1624
5293	1321
5294	1862
5295	1551
5296	1773
5297	1226
5298	1401
5299	3354
5300	2709
5301	1905
5302	1685
5303	2186
5304	1588
5305	2440
5306	2063
5307	1913
5308	2500
5309	1199
5310	1271
5311	1827
5312	3368
5313	1185
5314	1309
5315	1546
5316	1434
5317	1600
5318	1773
5319	1908
5320	1171
5321	2956
5322	1952
5323	954
5324	2361
5325	1900
5326	1447
5327	1676
5328	1195
5329	1891
5330	2132
5331	2173
5332	1716
5333	1145
5334	1368
5335	1374
5336	2246
5337	1590
5338	2127
5339	1411
5340	1470
5341	1054
5342	1337
5343	1743
5344	2076
5345	1798
5346	2134
5347	1655
5348	996
5349	1254
5350	1817
5351	1685
5352	1503
5353	2105
5354	964
5355	1707
5356	1927
5357	1230
5358	1960
5359	1941
5360	1978
5361	1865
5362	2994
5363	1354
5364	1888
5365	1004
5366	1729
5367	1316
5368	1287
5369	3728
5370	2186
5371	1550
5372	1212
5373	1759
5374	1371
5375	1372
5376	1220
5377	1498
5378	1875
5379	980
5380	1115
5381	1737
5382	1639
5383	2223
5384	1438
5385	1993
5386	1966
5387	2462
5388	1896
5389	1651
5390	1517
5391	1660
5392	1597
5393	1431
5394	1754
5395	3206
5396	1268
5397	1221
5398	1527
5399	1650
5400	1328
5401	1350
5402	2409
5403	910
5404	1469
5405	1476
5406	1869
5407	2335
5408	842
5409	1647
5410	1409
5411	2195
5412	2550
5413	1995
5414	1784
5415	1980
5416	1595
5417	1413
5418	1696
5419	2341
5420	1829
5421	1485
5422	1048
5423	1839
5424	1339
5425	1480
5426	1486
5427	2072
5428	922
5429	1970
5430	1804
5431	1544
5432	1389
5433	864
5434	1670
5435	1707
5436	1919
5437	2709
5438	2016
5439	2142
5440	1642
5441	1120
5442	1324
5443	1380
5444	1857
5445	3893
5446	2013
5447	1620
5448	1414
5449	1486
5450	1787
5451	2099
5452	1890
5453	2120
5454	1906
5455	2439
5456	2056
5457	1613
5458	2459
5459	2006
5460	2168
5461	1975
5462	1283
5463	2123
5464	1837
5465	1442
5466	1670
5467	1687
5468	1249
5469	1204
5470	1493
5471	1582
5472	1458
5473	1561
5474	1977
5475	2037
5476	2611
5477	1420
5478	1458
5479	1579
5480	1027
5481	2254
5482	1919
5483	1262
5484	1744
5485	1902
5486	1381
5487	1347
5488	1119
5489	2129
5490	1324
5491	2471
5492	1785
5493	2135
5494	1198
5495	1780
5496	1093
5497	1789
5498	1893
5499	1841
5500	2453
5501	1179
5502	1744
5503	1135
5504	1435
5505	1398
5506	3705
5507	1930
5508	1981
5509	1428
5510	2507
5511	2122
5512	1478
5513	2123
5514	1337
5515	707
5516	1318
5517	693
5518	1146
5519	1433
5520	2175
5521	1380
5522	1959
5523	1666
5524	2044
5525	1802
5526	1820
5527	1460
5528	1702
5529	2263
5530	1681
5531	2040
5532	1762
5533	1558
5534	682
5535	1790
5536	1441
5537	1324
5538	2368
5539	1467
5540	1466
5541	1399
5542	1859
5543	1075
5544	1689
5545	1374
5546	1537
5547	1747
5548	1495
5549	1599
5550	1844
5551	1723
5552	1573
5553	2526
5554	1550
5555	2003
5556	2226
5557	1756
5558	1123
5559	1350
5560	1963
5561	1155
5562	1388
5563	2342
5564	2033
5565	1949
5566	2003
5567	1126
5568	1977
5569	1786
5570	1577
5571	1165
5572	1490
5573	2818
5574	624
5575	2005
5576	1869
5577	3482
5578	1747
5579	2061
5580	1878
5581	3321
5582	1825
5583	2760
5584	1546
5585	2249
5586	1395
5587	1170
5588	1585
5589	1923
5590	1972
5591	2085
5592	1561
5593	2163
5594	2382
5595	1284
5596	1368
5597	2063
5598	1623
5599	1692
5600	1050
5601	1976
5602	1030
5603	1228
5604	1969
5605	1872
5606	1524
5607	1584
5608	2359
5609	2634
5610	1691
5611	1308
5612	2046
5613	1964
5614	1924
5615	1399
5616	2562
5617	1008
5618	1979
5619	957
5620	1745
5621	1477
5622	1338
5623	3212
5624	1129
5625	2085
5626	2163
5627	1276
5628	2059
5629	1447
5630	1810
5631	2168
5632	917
5633	1362
5634	1308
5635	1314
5636	2985
5637	1764
5638	2019
5639	833
5640	1693
5641	1303
5642	1244
5643	1993
5644	1956
5645	953
5646	1168
5647	3470
5648	1728
5649	2132
5650	1892
5651	2159
5652	3234
5653	3387
5654	1937
5655	2799
5656	1909
5657	2408
5658	1578
5659	2301
5660	1399
5661	2234
5662	1562
5663	2708
5664	2944
5665	1707
5666	1835
5667	2116
5668	1745
5669	1077
5670	2144
5671	2376
5672	1268
5673	2464
5674	1419
5675	1980
5676	2420
5677	1408
5678	1136
5679	1280
5680	1772
5681	1973
5682	1287
5683	1813
5684	1203
5685	1152
5686	1476
5687	2651
5688	1169
5689	1392
5690	1464
5691	1536
5692	868
5693	1165
5694	1258
5695	2245
5696	4042
5697	2410
5698	2043
5699	1620
5700	2390
5701	1945
5702	2193
5703	1620
5704	1305
5705	1744
5706	1755
5707	2515
5708	1272
5709	1487
5710	2501
5711	1631
5712	1997
5713	1789
5714	2053
5715	2643
5716	1731
5717	2107
5718	1395
5719	1303
5720	1991
5721	2216
5722	2028
5723	1009
5724	2012
5725	1205
5726	1200
5727	1473
5728	1444
5729	2162
5730	2243
5731	1908
5732	1227
5733	2012
5734	1713
5735	2434
5736	1484
5737	3193
5738	1609
5739	1606
5740	873
5741	1364
5742	1831
5743	1961
5744	2839
5745	1081
5746	1462
5747	1452
5748	1539
5749	881
5750	1060
5751	1686
5752	1474
5753	1649
5754	1628
5755	1490
5756	1817
5757	916
5758	1294
5759	1420
5760	2139
5761	2765
5762	1188
5763	3057
5764	1246
5765	1701
5766	1670
5767	2018
5768	1254
5769	1443
5770	1941
5771	2080
5772	2442
5773	2098
5774	1172
5775	489
5776	1697
5777	1579
5778	1196
5779	1799
5780	2664
5781	1860
5782	1071
5783	2244
5784	1421
5785	774
5786	1664
5787	1296
5788	2170
5789	2266
5790	1945
5791	1879
5792	2168
5793	1705
5794	1687
5795	1923
5796	1347
5797	2229
5798	1457
5799	1908
5800	861
5801	1428
5802	1428
5803	1006
5804	1896
5805	1554
5806	1411
5807	1292
5808	2676
5809	1228
5810	1911
5811	1617
5812	1349
5813	2225
5814	1417
5815	2457
5816	1627
5817	2122
5818	1254
5819	1868
5820	1647
5821	3049
5822	1599
5823	1852
5824	894
5825	1859
5826	1788
5827	1766
5828	1892
5829	1237
5830	1250
5831	1396
5832	1260
5833	978
5834	2205
5835	2565
5836	1410
5837	1739
5838	901
5839	1438
5840	1831
5841	1277
5842	1233
5843	1163
5844	1826
5845	2477
5846	1942
5847	2482
5848	1807
5849	2144
5850	1298
5851	2375
5852	1483
5853	2099
5854	739
5855	975
5856	1704
5857	2085
5858	853
5859	2339
5860	911
5861	1509
5862	2352
5863	2242
5864	2203
5865	1354
5866	1612
5867	1922
5868	1426
5869	2566
5870	870
5871	1148
5872	1697
5873	1055
5874	1714
5875	1605
5876	1421
5877	1083
5878	2151
5879	2241
5880	1095
5881	1656
5882	1311
5883	2525
5884	1860
5885	4475
5886	1490
5887	2210
5888	1753
5889	1827
5890	1605
5891	2579
5892	2204
5893	2013
5894	2006
5895	1494
5896	1925
5897	924
5898	1136
5899	1353
5900	2148
5901	1690
5902	2344
5903	1207
5904	1492
5905	1979
5906	1672
5907	1871
5908	2048
5909	1773
5910	1529
5911	1675
5912	1807
5913	2357
5914	2717
5915	1742
5916	1147
5917	1581
5918	1940
5919	2000
5920	1683
5921	2933
5922	1288
5923	1634
5924	1956
5925	1980
5926	2883
5927	1296
5928	1349
5929	1641
5930	1450
5931	2095
5932	2830
5933	1343
5934	1867
5935	1205
5936	1208
5937	2167
5938	2751
5939	1766
5940	544
5941	1693
5942	1892
5943	1743
5944	2223
5945	1419
5946	1388
5947	1748
5948	994
5949	1855
5950	2565
5951	1437
5952	1711
5953	1970
5954	2169
5955	1236
5956	2689
5957	1556
5958	1095
5959	1378
5960	2247
5961	1678
5962	1811
5963	1330
5964	1094
5965	2785
5966	1661
5967	2131
5968	1936
5969	1952
5970	1577
5971	1718
5972	2202
5973	2634
5974	1364
5975	2377
5976	2071
5977	1400
5978	2536
5979	1419
5980	1905
5981	1407
5982	1658
5983	1683
5984	1765
5985	1893
5986	1113
5987	2784
5988	1358
5989	1856
5990	1233
5991	2042
5992	1626
5993	2030
5994	1521
5995	962
5996	1609
5997	1308
5998	2088
5999	2178
6000	1881
6001	1843
6002	1684
6003	1638
6004	2408
6005	1936
6006	1297
6007	1204
6008	1176
6009	2332
6010	2244
6011	1216
6012	2511
6013	2367
6014	1535
6015	4420
6016	1310
6017	1997
6018	1464
6019	1724
6020	1197
6021	1398
6022	1149
6023	1700
6024	1367
6025	1874
6026	1675
6027	1131
6028	1553
6029	1812
6030	1632
6031	955
6032	850
6033	2165
6034	1370
6035	1650
6036	1685
6037	1225
6038	1525
6039	1729
6040	2293
6041	2087
6042	1696
6043	2391
6044	588
6045	1932
6046	2519
6047	947
6048	2126
6049	1398
6050	1620
6051	2206
6052	1249
6053	1901
6054	1687
6055	1960
6056	1946
6057	1799
6058	1597
6059	2669
6060	1649
6061	1657
6062	1529
6063	1090
6064	1405
6065	917
6066	1828
6067	1242
6068	1529
6069	1271
6070	2171
6071	897
6072	2348
6073	2711
6074	1624
6075	1847
6076	2936
6077	1595
6078	1540
6079	2233
6080	1390
6081	1588
6082	2873
6083	1366
6084	1828
6085	1474
6086	813
6087	1172
6088	3138
6089	5141
6090	2060
6091	1517
6092	1119
6093	1227
6094	1259
6095	2936
6096	1569
6097	1488
6098	2139
6099	1337
6100	1707
6101	1451
6102	1685
6103	1555
6104	1352
6105	1958
6106	1166
6107	1795
6108	1982
6109	1231
6110	1566
6111	1518
6112	959
6113	1521
6114	2182
6115	1327
6116	1879
6117	1207
6118	1696
6119	1431
6120	1532
6121	2382
6122	1278
6123	3537
6124	1957
6125	2332
6126	1114
6127	1669
6128	2001
6129	812
6130	1222
6131	1566
6132	1284
6133	1435
6134	1236
6135	1793
6136	3284
6137	1898
6138	2105
6139	1252
6140	1689
6141	2324
6142	1728
6143	2432
6144	2172
6145	1283
6146	1823
6147	2205
6148	1710
6149	1911
6150	1443
6151	1068
6152	1549
6153	1314
6154	1964
6155	1205
6156	1143
6157	1418
6158	1833
6159	1069
6160	1137
6161	2349
6162	1827
6163	1868
6164	1763
6165	2492
6166	1469
6167	1807
6168	1449
6169	2740
6170	1554
6171	2024
6172	2034
6173	2003
6174	1581
6175	1448
6176	1524
6177	1826
6178	1333
6179	952
6180	1573
6181	1501
6182	1621
6183	1867
6184	1483
6185	1405
6186	1014
6187	2253
6188	2860
6189	2536
6190	2083
6191	1452
6192	1868
6193	2538
6194	1442
6195	2079
6196	1673
6197	2510
6198	1808
6199	919
6200	1418
6201	2733
6202	2069
6203	849
6204	2055
6205	1853
6206	2024
6207	1624
6208	1789
6209	2210
6210	1869
6211	2764
6212	1528
6213	2569
6214	1478
6215	1910
6216	2279
6217	1849
6218	1205
6219	1580
6220	2650
6221	1961
6222	1313
6223	2054
6224	1246
6225	2937
6226	1311
6227	1499
6228	2330
6229	3010
6230	1374
6231	1696
6232	1179
6233	2195
6234	1370
6235	1484
6236	1280
6237	1448
6238	1563
6239	2599
6240	1313
6241	1597
6242	1728
6243	1313
6244	1966
6245	1676
6246	1809
6247	1055
6248	1696
6249	811
6250	2287
6251	3933
6252	1841
6253	2101
6254	1290
6255	2002
6256	1532
6257	1375
6258	948
6259	2182
6260	1241
6261	2941
6262	1114
6263	3236
6264	1103
6265	2076
6266	1325
6267	1617
6268	2164
6269	1432
6270	1687
6271	2283
6272	2706
6273	791
6274	1287
6275	1167
6276	1783
6277	2117
6278	1234
6279	2695
6280	1733
6281	1545
6282	1896
6283	1625
6284	1270
6285	1792
6286	1949
6287	1771
6288	2744
6289	2474
6290	1869
6291	1922
6292	2414
6293	1467
6294	3115
6295	1768
6296	2908
6297	2487
6298	1597
6299	1351
6300	1947
6301	2167
6302	1294
6303	1798
6304	1174
6305	1750
6306	2333
6307	1416
6308	1634
6309	1582
6310	2080
6311	4150
6312	2761
6313	2076
6314	1521
6315	1539
6316	2025
6317	1560
6318	1790
6319	1738
6320	855
6321	1590
6322	2809
6323	1887
6324	2022
6325	1205
6326	1896
6327	1636
6328	951
6329	2566
6330	1332
6331	1069
6332	1597
6333	1027
6334	1067
6335	1855
6336	1873
6337	1189
6338	1572
6339	2388
6340	2659
6341	2305
6342	2141
6343	925
6344	1896
6345	2006
6346	791
6347	1484
6348	1357
6349	2527
6350	2277
6351	1559
6352	1963
6353	2000
6354	1474
6355	1625
6356	1153
6357	1303
6358	1402
6359	1557
6360	1885
6361	1298
6362	1380
6363	2338
6364	1513
6365	2669
6366	1388
6367	2369
6368	1647
6369	2141
6370	1343
6371	1543
6372	1820
6373	1964
6374	3609
6375	1274
6376	3169
6377	2915
6378	2028
6379	1586
6380	2108
6381	1365
6382	1519
6383	1641
6384	1480
6385	1858
6386	2201
6387	2072
6388	1215
6389	2063
6390	1642
6391	2569
6392	1764
6393	1590
6394	1258
6395	1262
6396	2580
6397	1986
6398	1768
6399	1353
6400	2590
6401	2206
6402	1492
6403	1298
6404	2122
6405	1131
6406	2155
6407	2068
6408	1016
6409	927
6410	1045
6411	1221
6412	1387
6413	1587
6414	1534
6415	1420
6416	2092
6417	1796
6418	1977
6419	1344
6420	1984
6421	1635
6422	2036
6423	1985
6424	2052
6425	2060
6426	1547
6427	1041
6428	2312
6429	1377
6430	2069
6431	1449
6432	2211
6433	1813
6434	1909
6435	1757
6436	3754
6437	2802
6438	1312
6439	1809
6440	1900
6441	1153
6442	1762
6443	1000
6444	1169
6445	1473
6446	1955
6447	1964
6448	1589
6449	1540
6450	2275
6451	2499
6452	2181
6453	1007
6454	2472
6455	998
6456	1759
6457	2311
6458	2220
6459	1401
6460	2027
6461	1053
6462	1340
6463	1692
6464	2386
6465	2060
6466	1283
6467	3028
6468	2393
6469	1560
6470	1614
6471	1720
6472	1442
6473	1537
6474	2307
6475	2798
6476	1049
6477	1680
6478	1347
6479	1276
6480	2709
6481	1420
6482	1917
6483	1491
6484	1228
6485	1851
6486	1732
6487	1842
6488	1835
6489	1596
6490	2220
6491	1406
6492	1481
6493	1005
6494	849
6495	1966
6496	4491
6497	781
6498	1510
6499	3190
6500	1502
6501	1755
6502	1599
6503	1794
6504	1591
6505	2940
6506	870
6507	1798
6508	1715
6509	1525
6510	1979
6511	2126
6512	2133
6513	2504
6514	1868
6515	2092
6516	2486
6517	756
6518	1011
6519	2094
6520	2079
6521	2190
6522	1657
6523	899
6524	2104
6525	1500
6526	2227
6527	1636
6528	1529
6529	1444
6530	1920
6531	2649
6532	1435
6533	1447
6534	1675
6535	1485
6536	2254
6537	2151
6538	2095
6539	893
6540	1766
6541	2275
6542	1686
6543	1546
6544	1354
6545	1895
6546	1143
6547	1949
6548	1213
6549	1733
6550	1734
6551	678
6552	1885
6553	1542
6554	1531
6555	1445
6556	1465
6557	3626
6558	1659
6559	2673
6560	2114
6561	3571
6562	2090
6563	5374
6564	1537
6565	1557
6566	1130
6567	1056
6568	2057
6569	1863
6570	2293
6571	1808
6572	2173
6573	1721
6574	2171
6575	1881
6576	1541
6577	1218
6578	1923
6579	718
6580	1184
6581	2433
6582	2328
6583	2023
6584	1367
6585	2860
6586	1085
6587	3423
6588	2955
6589	1800
6590	1979
6591	1850
6592	1811
6593	1673
6594	1684
6595	1795
6596	2536
6597	2087
6598	1764
6599	1727
6600	1913
6601	1848
6602	1100
6603	2497
6604	2494
6605	4525
6606	1716
6607	1293
6608	1853
6609	1378
6610	1358
6611	1092
6612	1888
6613	1014
6614	1336
6615	2498
6616	2046
6617	1661
6618	1607
6619	3614
6620	2188
6621	1650
6622	761
6623	1600
6624	2247
6625	2322
6626	1901
6627	2405
6628	1428
6629	1230
6630	2308
6631	1845
6632	1878
6633	2025
6634	1690
6635	1779
6636	1668
6637	2770
6638	1683
6639	1842
6640	1302
6641	1468
6642	2010
6643	1957
6644	1028
6645	2006
6646	2293
6647	2713
6648	1638
6649	2028
6650	1820
6651	2114
6652	1749
6653	1533
6654	1680
6655	1093
6656	1755
6657	2279
6658	1659
6659	1425
6660	2900
6661	1812
6662	3155
6663	2207
6664	1670
6665	2008
6666	1491
6667	2223
6668	1825
6669	1462
6670	2119
6671	1284
6672	1745
6673	982
6674	1684
6675	1494
6676	2176
6677	2914
6678	508547
6679	12168
6680	1803
6681	1294
6682	1326
6683	2345
6684	1079
6685	2492
6686	2814
6687	1766
6688	1793
6689	1554
6690	1447
6691	1106
6692	2280
6693	1293
6694	1349
6695	1617
6696	1428
6697	1450
6698	1917
6699	2126
6700	2271
6701	932331
6702	16830
6703	1198
6704	1784
6705	1930
6706	1243
6707	1969
6708	1457
6709	1941
6710	2302
6711	989
6712	3381
6713	1395
6714	1846
6715	2300
6716	2574
6717	1505
6718	1926
6719	1086
6720	2463
6721	2692
6722	1953
6723	2015
6724	2068
6725	1218
6726	1477
6727	2216
6728	1557
6729	1851
6730	1493
6731	1598
6732	1558
6733	12222
6734	2351
6735	895
6736	1265
6737	1905
6738	710
6739	1809
6740	1434
6741	1457
6742	1425
6743	2498
6744	1817
6745	2330
6746	1791
6747	2578
6748	1002
6749	2363
6750	2862
6751	1498
6752	1703
6753	2091
6754	1620
6755	2133
6756	1861
6757	1960
6758	1722
6759	2322
6760	6963
6761	4654
6762	4266
6763	2258
6764	853
6765	1678
6766	1225
6767	959
6768	1924
6769	1145
6770	1079
6771	1306
6772	1304
6773	2223
6774	1344
